"Α/Α"	"Κωδικός "	"Περιγραφή"	"Από "	"Σε "	"Κίνηση κλεισίματος εκκρεμοτήτων αποθήκης"	"Ανενεργό"
0	100. Έγκριση Αιτήματος	Έγκριση Αιτήματος Προμηθειών	ΑΤΕ			0
3	152. ΠΔΣ=>ΔΑΠ	Από Δέσμευση Σε Δ. Αποστολής Πωλήσεων	ΠΔΣ	ΔΑΠ	STOCK-RESERVE(ORDER)	0
3	154. ΠΔΣ=>ΔΧΔ	Από Δέσμευση Σε Δελτίο Αποστολής (χωρίς αξία)	ΠΔΣ	ΔΧΔ	STOCK-RESERVE(ORDER)	0
7	449. ΠΔΣ=>ΑΥΔ	Από Δέσμευση Σε Δ Αποστολής Αυτοπαράδοσης	ΠΔΣ	ΑΥΔ	STOCK-RESERVE(ORDER)	0
8	139. ΔΧΔ=>ΔΧΣ	Παραλαβή από πελάτη από Δ.Αποστολής (για δειγματισμό)	ΔΧΔ	ΔΧΣ		0
9	140. ΔΧΣ=>ΔΧΔ	Αποστολή σε πελάτη από Παραλαβή (για δοκιμή, έλεγχο)	ΔΧΣ	ΔΧΔ		0
10	142. ΔΑΠ=>ΔΕΠ	Δ.Παραλαβής από Δ.Αποστολής πωλήσεων	ΔΑΠ	ΔΕΠ		0
11	135. ΔΕΛ=>ΔΠΛ	Δ.Αποστολής από Δ.Παραλαβής πελάτη Λιανικής	ΔΕΛ	ΔΠΛ		0
11	164. ΑΓΤ=>ΔΧΔ	Δ.Αποστολής σε πελάτη χωρίς χρέωση από ΑΧ Τρίτων	ΑΓΤ	ΔΧΔ		0
12	187. ΕΑΠ=>ΔΑΠ (από ΠΑΡ)	Αποστολή παραγγελιών πελατών	ΕΑΠ	ΔΑΠ	CUSTOMER-ORDER	0
2	113. ΔΑΠ=>ΤΙΠ	Τιμολόγηση Δελτίων Αποστολής Πωλήσεων	ΔΑΠ	ΤΙΠ	CUSTOMER-DELIVERY	0
5	120. ΔΠΛ=>ΔΑΛ	Απόδειξη Λιανικής από Δελτία Αποστολής	ΔΠΛ	ΔΑΛ	CUSTOMER-DELIVERY	0
6	131. ΑΧΤ=>ΤΔΑ	Tιμολόγιο-Δ.Αποστολής από ΑΧ Τρίτων	ΑΧΤ	ΤΔΑ		0
6	147. ΑΓΤ=>ΤΔΑ	Tιμολόγιο-Δ.Αποστολής από ΑΧ Τρίτων	ΑΓΤ	ΤΔΑ		0
7	153. ΠΔΣ=>ΤΔΑ	Από Δέσμευση Σε Τιμολόγιο Πώλησης - Δελτίο αποστολής	ΠΔΣ	ΤΔΑ	STOCK-RESERVE(ORDER)	0
7	154. ΠΔΣ=>ΑΠΛ	Από Δέσμευση Σε Απόδειξη Λιανικής - Δ. Αποστολής	ΠΔΣ	ΑΠΛ	STOCK-RESERVE(ORDER)	0
8	115. ΤΔΑ=>ΠΤΔ (ΣΕΙΡΕΣ Α - ΠΟΣΟΤΗΤΕΣ & ΑΞΙΕΣ)	Πιστωτικό Τιμολόγιο - Δ. Επιστροφής για Τιμολόγιο-Δ.Αποστολής Πωλήσεων	ΤΔΑ	ΠΤΔ		0
8	115. ΤΔΦ=>ΠΤΚ	Πιστωτικό για Τιμολόγιο-Δ.Αποστολής Πωλήσεων	ΤΔΦ	ΠΤΚ		0
8	116. ΤΔΑ=>ΠΤΛ (ΣΕΙΡΕΣ Λ,Κ - ΑΞΙΑΚΟ)	Πιστωτικό Τιμολόγιο διόρθωσης χρέωσης για Τιμολόγιο-Δ.Αποστολής Πωλήσεων	ΤΔΑ	ΠΤΛ		0
8	116. ΤΙΠ=>ΠΤΛ	Πιστωτικό Τιμολόγιο διόρθωσης χρέωσης για Τιμολόγιο Πωλήσεων	ΤΙΠ	ΠΤΛ		0
9	116. ΤΠΥ=>ΠΤΥ	Πιστωτικό για Τιμολόγιο Παροχής Υπηρεσιών	ΤΠΥ	ΠΤΥ		0
10	117. ΔΕΠ=>ΠΤΙ	Πιστωτικό τιμολόγιο για Δ.Επιστροφής πελάτη	ΔΕΠ	ΠΤΙ	CUSTOMER-RETURN	0
11	135. ΔΕΛ=>ΠΣΛ	Πιστωτικό Λιανικής για Δ.Επιστροφής	ΔΕΛ	ΠΣΛ	CUSTOMER-RETURN	0
12	122. ΠΛΣ=>ΠΤΕ	Πιστωτικό έκπτωσης Πωλήσεων από αντιλογισμό προβλέψεων	ΠΛΣ	ΠΤΕ		0
12	122. ΤΙΠ=>ΠΤΕ	Πιστωτικό Εκπτωσης για Τιμολόγιο Πώλησης	ΤΙΠ	ΠΤΕ		0
13	114. ΤΙΠ=>ΠΤΕ	Πιστωτικό έκπτωσης για Τιμολόγιο Πώλησης  (με 0 στην αξία προς συμπλήρωση από το χρήστη)	ΤΙΠ	ΠΤΕ		0
14	121.ΤΔΑ=>ΠΤΕ	Πιστωτικό έκπτωσης για Τιμολόγιο-ΔΑ Πώλησης (με 0 στην αξία προς συμπλήρωση από το χρήστη)	ΤΔΑ	ΠΤΕ		0
14	122.ΤΔΑ=>ΠΤΕ (ΣΕΙΡΑ Ζ-ΤΖΙΡΟΥ ΜΕ ΑΞΙΕΣ ΤΔΑ)	Πιστωτικό έκπτωσης για Τιμολόγιο-ΔΑ Πώλησης (με ίδια αξία)	ΤΔΑ	ΠΤΕ		0
15	145. ΤΠΥ=>ΠΤΠ	Πιστωτικό (αντιλογισμός) για Τιμολόγιο Παροχής Υπηρεσιών	ΤΠΥ	ΠΤΠ		0
17	148. ΔΑΠ=>ΔΧΛ	Κοστολογικό Στοιχείο Δωρεάν Χορήγησης από Δ. Αποστολής Πωλήσεων	ΔΑΠ	ΔΧΛ	CUSTOMER-DELIVERY	0
18	162. ΔΣΓ=>ΤΔΑ	Τιμολόγηση δεσμευμένου αποθέματος από δελτίο ενδοδιακίνησης	ΔΣΓ	ΤΔΑ		0
19	163. ΔΣΓ=>ΑΠΛ	Τιμολόγηση δεσμευμένου αποθέματος από δελτίο ενδοδιακίνησης	ΔΣΓ	ΑΠΛ		0
20	164. ΔΣΓ=>ΔΑΠ	Τιμολόγηση δεσμευμένου αποθέματος από δελτίο ενδοδιακίνησης	ΔΣΓ	ΔΑΠ		0
21	178. ΔΧΣ=>ΠΤΕ	Έκδοση Πιστωτικού από Δ.Ποσοτικής Παραλαβής από πελάτη (αν έχει προηγηθεί τιμολόγιο)	ΔΧΣ	ΠΤΕ		0
26	187. ΕΑΠ=>ΤΔΑ (από ΠΑΡ)	Τιμολόγηση-Αποστολή παραγγελιών πελατών	ΕΑΠ	ΤΔΑ	CUSTOMER-ORDER	0
0	100. Πιστωτικός Έλεγχος	Πιστωτικός έλεγχος παραγγελίας	ΠΑΡ			0
0	101. Υπέρβαση Πιστωτικού Ελέγχου	Υπέρβαση Πιστωτικού Ελέγχου	ΠΑΡ			0
0	160. Επαναδρομολόγηση παραγγελίας	160. Επαναδρομολόγηση παραγγελίας	ΠΑΡ			0
0	418. Έγκριση ΠΠΡ	Έγκριση παραγγελίας αγοράς	ΠΠΡ			0
1	151. ΠΑΡ=>ΠΔΣ	Από Παραγγελία Πελάτη σε Δέσμευση Αποθέματος	ΠΑΡ	ΠΔΣ	CUSTOMER-ORDER-TO-CONF-OR-RESV	0
2	151. ΠΔΣ=>ΕΑΠ	Από Δέσμευση σε Εντολή αποστολής αποθήκης	ΠΔΣ	ΕΑΠ	CUSTOMER-ORDER-TO-CONF-OR-RESV	0
4	157.ΕΑΠ=>ΕΑΚ	Ακύρωση Εντολής Αποστολής Αποθήκης	ΕΑΠ	ΕΑΚ		0
4	157α.ΠΑΡ=>Μερική ακύρωση	Μερική Ακύρωση Παραγγελίας	ΠΑΡ	ΠΑΑ	CUSTOMER-ORDER-LS	0
4	157β.ΠΑΡ=>Ολική ακύρωση	Ολική Ακύρωση Παραγγελίας	ΠΑΡ	ΠΑΑ	CUSTOMER-ORDER-LS	0
8	471. ΠΡΦ=>ΠΑΡ	Παραγγελία πώλησης από Προσφορά	ΠΡΦ	ΠΑΡ		0
1	102. ΑΔΠ=>ΑΤΠ	Τιμολόγηση Δελτίων Παραλαβής Αγορών	ΑΔΠ	ΑΤΠ	GOODS-ACCEPT	0
2	123. ΑΔΠ=>ΔΕΑ	Δελτίο Επιστροφής από Παραλαβή Αγορών	ΑΔΠ	ΔΕΑ		0
3	125. ΑΧΔ=>ΔΧΑ	Επιστροφή από Δελτίο Παραλαβής (χωρίς αξία)	ΑΧΔ	ΔΧΑ		0
4	109. ΑΤΔ=>ΠΕΚ	Πιστωτικό Εκπτωσης για Τιμολόγιο Αγορών-ΔΠ (με 0 αξία)	ΑΤΔ	ΠΕΚ		0
6	106. ΔΕΑ=>ΠΑΓ	Πιστωτικό για Δ.Επιστροφής Αγορών	ΔΕΑ	ΠΑΓ	PURCHASE-RETURN	0
7	100. ΤΓΥ=>ΑΤΔ	Δημιουργία τιμολογίων ανά υποκατάστημα προορισμού	ΤΓΥ	ΑΤΔ		0
7	104. ΤΕΔ=>ΤΕΠ	Πιστωτικό για Τιμολόγιο Εξόδων	ΤΕΔ	ΤΕΠ		0
8	144. ΔΧΑ=>ΑΧΔ	Παραλαβή από Δ.Αποστολής (χωρίς αξία)	ΔΧΑ	ΑΧΔ		0
10	146. ΤΕΔ=>ΠΛΠ	Πιστωτικό (αντιλογισμός) για Τιμολόγιο Εξόδων	ΤΕΔ	ΠΛΠ		0
11	124. ΔΕΑ=>ΑΔΠ	Δ.Παραλαβής από Δ.Επιστροφής Προμηθευτή	ΔΕΑ	ΑΔΠ		0
1	107. ΑΔΠ=>ΑΤΞ	Τιμολόγηση Παραλαβών Εξωτερικού	ΑΔΠ	ΑΤΞ	GOODS-ACCEPT	0
1	107. ΕΝΦ=>ΑΤΞ	Τιμολόγηση Παραλαβών Εξωτερικού από Εντολή Φόρτωσης	ΕΝΦ	ΑΤΞ	GOODS-ACCEPT	0
2	110. ΑΤΞ=>ΑΔΠ	Δελτίο Παραλαβής από Τιμολόγιο Οίκου	ΑΤΞ	ΑΔΠ	GOODS-ACCEPT	0
3	421. ΑΤΞ=>ΔΚΚ	Κοστολόγηση Ενδοκοινοτικών Αγορών (ΕΝΤΟΣ ζώνης €)	ΑΤΞ	ΔΚΚ		0
3	480. ΑΤΞ=>ΚΦΕ	Κοστολόγηση Εισαγωγών από Τιμολόγιο	ΑΤΞ	ΚΦΕ		0
4	423. ΑΔΞ=>ΔΚΚ	Κοστολόγηση Τιμολογίου Εισαγωγών-Δ.Παραλαβής (ΕΝΤΟΣ ζώνης €)	ΑΔΞ	ΔΚΚ		0
4	481. ΑΔΞ=>ΚΦΕ	Κοστολόγηση Εισαγωγών από Τιμολόγιο-Δ.Παραλαβής	ΑΔΞ	ΚΦΕ		0
5	425. ΑΤΞ=>ΔΚΤ	Κοστολόγηση Εισαγωγών από ΤΡΙΤΕΣ Χώρες	ΑΤΞ	ΔΚΤ		0
5	482. ΑΤΞ=>ΚΦΠ	Προϋπ/κή Κοστολόγηση Εισαγωγών από Τιμολόγιο	ΑΤΞ	ΚΦΠ		0
6	443. ΑΔΞ=>ΔΚΤ	Κοστολόγηση Τιμολογίου Εισαγωγών-Δ.Παραλαβής από ΤΡΙΤΕΣ Χώρες	ΑΔΞ	ΔΚΤ		0
6	483. ΑΔΞ=>ΚΦΠ	Προϋπ/κή Κοστολόγηση Εισαγωγών από Τιμολόγιο-Δ.Παραλαβής	ΑΔΞ	ΚΦΠ		0
7	447. ΑΤΞ=>ΔΚΣ	Κοστολόγηση Ενδοκοινοτικών Αγορών (ΕΚΤΟΣ ζώνης €)	ΑΤΞ	ΔΚΣ		0
7	484. ΚΦΕ=>ΚΦΑ	Ακύρωση οριστικού κλεισίματος Φακέλου	ΚΦΕ	ΚΦΑ		0
8	448. ΑΔΞ=>ΔΚΣ	Κοστολόγηση Τιμολογίου-Δ.Παραλαβής (ΕΚΤΟΣ ζώνης €)	ΑΔΞ	ΔΚΣ		0
8	485. ΚΦΠ=>ΚΦΚ	Ακύρωση προσωρινού κλεισίματος Φακέλου	ΚΦΠ	ΚΦΚ		0
9	444. ΑΤΞ=>ΔΚΝ	Κοστολόγηση Ενδοκοινοτικών Αγορών (ΕΝΤΟΣ ζώνης € - ΑΝΑΛΥΤΙΚΑ)	ΑΤΞ	ΔΚΝ		0
9	486. ΑΤΠ=>ΚΦΣ	Κοστολόγηση Αγορών από Τιμολόγιο Προμηθευτή Εσωτερικού	ΑΤΠ	ΚΦΣ		0
10	445. ΑΔΞ=>ΔΚΝ	Κοστολόγηση Τιμολογίου-Δ.Παραλαβής (ΕΝΤΟΣ ζώνης € - ΑΝΑΛΥΤΙΚΑ)	ΑΔΞ	ΔΚΝ		0
10	487. ΑΤΔ=>ΚΦΣ	Κοστολόγηση Αγορών από Τιμολόγιο-Δ.Παραλαβής Προμηθευτή Εσωτερικού	ΑΤΔ	ΚΦΣ		0
11	454. ΑΤΞ=>ΔΚΔ	Κοστολόγηση Εισαγωγών από ΤΡΙΤΕΣ χώρες (ΑΝΑΛΥΤΙΚΑ)	ΑΤΞ	ΔΚΔ		0
11	488. ΚΦΣ=>ΚΦΡ	Ακύρωση κλεισίματος Φακέλου Κοστολόγησης Αγορών	ΚΦΣ	ΚΦΡ		0
12	110. ΑΤΞ=>ΠΕΞ	Πιστωτικό για Τιμολόγιο Οίκου Εξωτερικού	ΑΤΞ	ΠΕΞ		0
12	455. ΑΔΞ=>ΔΚΔ	Κοστολόγηση Τιμολογίου-Δ.Παραλαβής (από ΤΡΙΤΕΣ χώρες-ΑΝΑΛΥΤΙΚΑ)	ΑΔΞ	ΔΚΔ		0
13	450. ΑΤΞ=>ΔΚΛ	Κοστολόγηση Τιμολογίου Ενδοκοινοτικών Αγορών (ΕΚΤΟΣ ζώνης € - ΑΝΑΛΥΤΙΚΑ)	ΑΤΞ	ΔΚΛ		0
14	451. ΑΔΞ=>ΔΚΛ	Κοστολόγηση Τιμολογίου-Δ.Παραλαβής (ΕΚΤΟΣ ζώνης € - ΑΝΑΛΥΤΙΚΑ)	ΑΔΞ	ΔΚΛ		0
15	422. ΑΤΞ=>ΠΚΚ	Προϋπ/κή Κοστολόγηση Τιμολογίων Ενδοκοινοτικών Αγορών (ΕΝΤΟΣ ζώνης €)	ΑΤΞ	ΠΚΚ		0
16	424. ΑΔΞ=>ΠΚΚ	Προϋπ/κή Κοστολόγηση Τιμολογίων-Δ.Π. Ενδοκοινοτικών Αγορών (ΕΝΤΟΣ ζώνης €)	ΑΔΞ	ΠΚΚ		0
17	459. ΑΤΞ=>ΠΚΤ	Προϋπ/κή Κοστολόγηση Τιμολογίων Εισαγωγών (από ΤΡΙΤΕΣ Χώρες)	ΑΤΞ	ΠΚΤ		0
18	460. ΑΔΞ=>ΠΚΤ	Προϋπ/κή Κοστολόγηση Τιμολογίων-Δ.Π. Εισαγωγών (από ΤΡΙΤΕΣ Χώρες)	ΑΔΞ	ΠΚΤ		0
19	457. ΑΤΞ=>ΠΚΣ	Προϋπ/κή Κοστολόγηση Τιμολογίων Ενδοκοινοτικών Αγορών (ΕΚΤΟΣ ζώνης €)	ΑΤΞ	ΠΚΣ		0
20	458. ΑΔΞ=>ΠΚΣ	Προϋπ/κή Κοστολόγηση Τιμολογίων-Δ.Π. Ενδοκοινοτικών Αγορών (ΕΚΤΟΣ ζώνης €)	ΑΔΞ	ΠΚΣ		0
21	462. ΑΤΞ=>ΠΚΝ	Προϋπ/κή Κοστολόγηση Τιμολογίων Ενδοκοινοτικών Αγορών (ΕΝΤΟΣ ζώνης € - Αναλυτικά)	ΑΤΞ	ΠΚΝ		0
22	461. ΑΔΞ=>ΠΚΝ	Προϋπ/κή Κοστολόγηση Τιμολογίων-Δ.Π. Ενδοκοινοτικών Αγορών (ΕΝΤΟΣ ζώνης € - Αναλυτικά)	ΑΔΞ	ΠΚΝ		0
23	466. ΑΤΞ=>ΠΚΔ	Προϋπ/κή Κοστολόγηση Τιμολογίων Εισαγωγών από ΤΡΙΤΕΣ Χώρες (Αναλυτικά)	ΑΤΞ	ΠΚΔ		0
24	465. ΑΔΞ=>ΠΚΔ	Προϋπ/κή Κοστολόγηση Τιμολογίων-Δ.Π. Εισαγωγών απί ΤΡΙΤΕΣ Χώρες (Αναλυτικά)	ΑΔΞ	ΠΚΔ		0
25	464. ΑΤΞ=>ΠΚΛ	Προϋπ/κή Κοστολόγηση Τιμολογίων Ενδοκοινοτικών Αγορών (ΕΚΤΟΣ ζώνης € - Αναλυτικά)	ΑΤΞ	ΠΚΛ		0
26	463. ΑΔΞ=>ΠΚΛ	Προϋπ/κή Κοστολόγηση Τιμολογίων-Δ.Π. Ενδοκοινοτικών Αγορών (ΕΚΤΟΣ ζώνης € - Αναλυτικά)	ΑΔΞ	ΠΚΛ		0
27	426. ΔΚΚ=>ΔΚΑ	Ακύρωση οριστικού κλεισίματος Φακέλου (ΕΝΤΟΣ ζώνης €)	ΔΚΚ	ΔΚΑ		0
28	449. ΔΚΣ=>ΔΚΡ	Ακύρωση οριστικού κλεισίματος Φακέλου (ΕΚΤΟΣ ζώνης €)	ΔΚΣ	ΔΚΡ		0
29	427. ΔΚΤ=>ΔΚΧ	Ακύρωση οριστικού κλεισίματος Φακέλου (ΤΡΙΤΕΣ χώρες)	ΔΚΤ	ΔΚΧ		0
30	446. ΔΚΝ=>ΔΚΥ	Ακύρωση οριστικού κλεισίματος Φακέλου (ΕΝΤΟΣ ζώνης € - ΑΝΑΛΥΤΙΚΑ)	ΔΚΝ	ΔΚΥ		0
31	452. ΔΚΛ=>ΔΚΕ	Ακύρωση οριστικού κλεισίματος Φακέλου (ΕΚΤΟΣ ζώνης € - Αναλυτικά)	ΔΚΛ	ΔΚΕ		0
32	456. ΔΚΔ=>ΔΚΙ	Ακύρωση οριστικού κλεισίματος Φακέλου (από ΤΡΙΤΕΣ χώρες - Αναλυτικά)	ΔΚΔ	ΔΚΙ		0
33	428. ΠΚΚ=>ΠΚΥ	Ακύρωση προσωρινού κλεισίματος Φακέλου (ΕΝΤΟΣ ζώνης €)	ΠΚΚ	ΠΚΥ		0
34	429. ΠΚΣ=>ΠΚΡ	Ακύρωση προσωρινού κλεισίματος Φακέλου (ΕΚΤΟΣ ζώνης €)	ΠΚΣ	ΠΚΡ		0
35	430. ΠΚΤ=>ΠΚΧ	Ακύρωση προσωρινού κλεισίματος Φακέλου (ΤΡΙΤΕΣ Χώρες)	ΠΚΤ	ΠΚΧ		0
36	467. ΠΚΝ=>ΠΚΓ	Ακύρωση προσωρινού κλεισίματος Φακέλου (ΕΝΤΟΣ ζώνης € - Αναλυτικά)	ΠΚΝ	ΠΚΓ		0
37	468. ΠΚΛ=>ΠΚΕ	Ακύρωση προσωρινού κλεισίματος Φακέλου (ΕΚΤΟΣ ζώνης € - Αναλυτικά)	ΠΚΛ	ΠΚΕ		0
38	469. ΠΚΔ=>ΠΚΙ	Ακύρωση προσωρινού κλεισίματος Φακέλου (ΤΡΙΤΕΣ Χώρες - Αναλυτικά)	ΠΚΔ	ΠΚΙ		0
3	118. ΠΠΡ=>ΕΝΦ	Εντολή φόρτωσης Παραγγελιών Αγορών	ΠΠΡ	ΕΝΦ	SUPPLIER-ORDER	0
4	119. ΕΝΦ=>ΑΔΠ	Αφιξη Εντολών Φόρτωσης Αγορών	ΕΝΦ	ΑΔΠ	GOODS-LOADING-ORDER	0
4	119. ΕΝΦ=>ΑΤΔ	Αφιξη/Τιμολόγηση Εντολών Φόρτωσης Αγορών	ΕΝΦ	ΑΤΔ	GOODS-LOADING-ORDER	0
5	101. ΠΣΓ=>ΔΕΑ	Δελτίο Επιστροφής από Πρόβλεψη Επιστροφής	ΠΣΓ	ΔΕΑ	SUPPLIER-ORDER RETURN	0
5	101. ΠΣΓ=>ΕΑΠ	Εντολή Αποστολής Αποθήκης από Πρόβλεψη Επιστροφής	ΠΣΓ	ΕΑΠ		0
8	417. ΠΠΡ=>ΠΠΚ	Ακύρωση παραγγελίας αγοράς	ΠΠΡ	ΠΠΚ	SUPPLIER-ORDER-TO-INV	0
0	440. ΔΦΑ=>ΔΡΦ	Οριστικοποίηση Διαφορών Φυσικής Απογραφής Περιόδου	ΔΦΑ	ΔΡΦ		0
1	407. ΦΑΑ=>ΠΦΑ	Πλεονάσματα από Διαφορές Φυσικής Απογραφής Περιόδου	ΦΑΑ	ΠΦΑ		0
2	408. ΦΑΑ=>ΠΦΕ	Πλεονάσματα (αρνητική εξαγωγή) από Διαφορές Φυσικής Απογραφής Περιόδου	ΦΑΑ	ΠΦΕ		0
3	403. ΦΑΑ=>ΕΦΑ	Ελλείμματα από Διαφορές Φυσικής Απογραφής Περιόδου	ΦΑΑ	ΕΦΑ		0
4	400. ΦΑΑ=>ΑΠΔ	Αυτοπαραδόσεις (με προσαρμογή από την Αποτίμηση) από Διαφορές Φ.Α. Περιόδου	ΦΑΑ	ΑΠΔ		0
4	404. ΦΑΑ=>ΑΠΡ	Αυτοπαραδόσεις από Διαφορές Φυσικής Απογραφής Περιόδου	ΦΑΑ	ΑΠΡ		0
5	405. ΦΑΑ=>ΑΠΑ	Αναλώσεις από Διαφορές Φυσικής Απογραφής Περιόδου	ΦΑΑ	ΑΠΑ		0
6	406. ΦΑΑ=>ΠΚΑ	Καταστροφές από Διαφορές Φυσικής Απογραφής Περιόδου	ΦΑΑ	ΠΚΑ		0
7	409. ΦΑΑ=>ΕΦΑ	Ελλείμματα (ΚΑΤΑ Χ-Μ, Lot) από Διαφορές Φυσικής Απογραφής Περιόδου	ΦΑΑ	ΕΦΑ		0
8	410. ΦΑΑ=>ΠΦΕ	Πλεονάσματα (ΚΑΤΑ Χ-Μ, Lot) από Διαφορές Φυσικής Απογραφής Περιόδου	ΦΑΑ	ΠΦΕ		0
9	411. ΦΑΗ=>ΠΦΕ	Πλεονάσματα (αρνητική εξαγωγή) από Διαφορές Φυσικής Απογραφής Ημέρας	ΦΑΗ	ΠΦΕ		0
10	412. ΦΑΗ=>ΕΦΑ	Ελλείμματα από Διαφορές Φυσικής Απογραφής Ημέρας	ΦΑΗ	ΕΦΑ		0
2	441. ΕΝΤ=>ΔΠΕ	Δελτίο Παραγωγής-Ανάλωσης από Εντολή Παραγωγής	ΕΝΤ	ΔΠΕ	PRODUCTION-ORDER	0
2	445. ΕΝΤ=>ΕΠΚ	Δελτίο Παραγωγής από Εντολή Παραγωγής	ΕΝΤ	ΕΠΚ	PRODUCTION-ORDER	0
2	445.Η. ΕΝΤ.Η=>ΕΠΚ.Η	Δελτίο Παραγωγής (Ημιέτοιμο) από Εντολή Παραγωγής (Ημιέτοιμο)	ΕΝΤ.Η	ΕΠΚ.Η	PRODUCTION-ORDER	0
2	445Ε. ΕΝΤ.Ε=>ΕΠΚ.Ε	Δελτίο Παραγωγής (Ετοίμου) από Εντολή Παραγωγής (Ετοίμου)	ΕΝΤ.Ε	ΕΠΚ.Ε	PRODUCTION-ORDER	0
2	446. ΕΝΤ=>ΕΝΚ	Ακύρωση Εντολής παραγωγής	ΕΝΤ	ΕΝΚ	PRODUCTION-ORDER	0
3	435. ΕΝΤ=>ΔΠΑ	Δελτίο Παραγωγής-Ανάλωσης από Εντολή Παραγωγής	ΕΝΤ	ΔΠΑ	PRODUCTION-ORDER	0
4	435. ΕΝΤ=>ΔΣΘ	Δελτίο Συναρμολόγησης από Εντολή Συναρμολόγησης	ΕΝΤ	ΔΣΘ	PRODUCTION-ORDER	0
4	447. EΠΚ.Ε=>ΑΠΑ.Ε	Δελτίο Αναλώσεων από Δελτίο Παραγωγής	ΕΠΚ.Ε	ΑΠΑ.Ε		0
4	447. EΠΚ.Η=>ΑΠΑ.Η	Δελτίο Αναλώσεων από Δελτίο Παραγωγής	ΕΠΚ.Η	ΑΠΑ.Η		0
4	447. EΠΚ.Μ=>ΑΠΑ.Μ	Δελτίο Αναλώσεων από Δελτίο Κατασκευής (Μήτρας)	ΕΠΚ.Μ	ΑΠΑ.Μ		0
4	447. EΠΚ.Σ=>ΑΠΑ.Σ	Δελτίο Αναλώσεων από Δελτίο Διαφόρων Συνθέσεων	ΕΠΚ.Σ	ΑΠΑ.Σ		0
4	447. EΠΚ=>ΑΠΑ	Δελτίο Αναλώσεων από Δελτίο Παραγωγής	ΕΠΚ	ΑΠΑ		0
5	444. ΔΠΑ=>ΔΚΠ	Ακύρωση Δελτίου Παραγωγών-Αναλώσεων	ΔΠΑ	ΔΚΠ		0
6	448. ΕΠΚ=>ΕΠΡ	Ακύρωση Εισαγωγής από Παραγωγή	ΕΠΚ	ΕΠΡ		0
7	180. ΕΠΚ=>ΔΑΠ	Δελτίο αποστολής απο δελτίο παραγωγής για λογαριασμό συναλλασσόμενου	ΕΠΚ	ΔΑΠ		0
8	181. ΕΠΚ=>ΤΔΑ	Τιμολόγιο πώλησης απο δελτίο παραγωγής για λογαριασμό συναλλασσόμενου	ΕΠΚ	ΤΔΑ		0
9	182. ΔΠΕ=>ΔΑΠ	Δελτίο Αποστολής από Δελτίο Παραγωγής για λ/σμό συναλλασσόμενου	ΔΠΕ	ΔΑΠ		0
10	183. ΔΠΕ=>ΤΔΑ	Τιμολόγιο πώλησης από Δελτίο Παραγωγής για λ/σμό συναλλασσόμενου	ΔΠΕ	ΤΔΑ		0
10	2. ΔΠΕ.Φ=>ΤΕΔ.Φ	Τιμολόγιο Φασόν	ΔΠΕ.Φ	ΤΕΔΦ		0
11	184. ΔΠΕ=>ΔΑΠ (ΕΝΤ)	Δελτίο αποστολής από Δελτίο Παραγωγής για λ/σμό συναλλασσόμενου (από Εντολή)	ΔΠΕ	ΔΑΠ	STOCK-FUTURE	0
12	185. ΔΠΕ=>ΤΔΑ (ΕΝΤ)	Τιμολόγιο Πώλησης από Δελτίο Παραγωγής για λ/σμό συναλλασσόμενου (από Εντολή)	ΔΠΕ	ΤΔΑ	STOCK-RESERVE	0
1	301. ΠΕΝ=>ΔΕΝ	Δελτίο Ενδοδιακίνησης από Παραγγελία	ΠΕΝ	ΔΕΝ		0
1	301. ΠΕΝ=>ΠΝΑ	Κατάργηση παραγγελίας ενδοδιακίνησης	ΠΕΝ	ΠΝΑ		0
1	302. ΠΕΝ=>ΠΔΠ	Δέσμευση από Παραγγελία Ενδοδιακίνησης	ΠΕΝ	ΠΔΠ		0
1	303. ΠΔΠ=>ΔΣΓ	Δελτίο Ενδοδιακίνησης από Δέσμευση	ΠΔΠ	ΔΣΓ		0
1	304. ΠΣΥ=>ΔΑΝ	Δελτίο Ενδοδιακίνησης από Πρόβλεψη επιστροφής	ΠΣΥ	ΔΑΝ	INTERSTOCK-SOURCE	0
1	304. ΠΣΥ=>ΔΕΝ	Δελτίο Ενδοδιακίνησης από Πρόβλεψη επιστροφής	ΠΣΥ	ΔΕΝ		0
1	431. ΠΔΝ=>ΔΣΓ	Δελτίο Ενδοδιακίνησης από Δέσμευση	ΠΔΝ	ΔΣΓ		0
1	443. ΠΕΝ=>ΔΝΓ	Δελτίο Ενδοδιακίνησης από Παραγγελία	ΠΕΝ	ΔΝΓ		0
1	445. ΠΣΥ=>ΔΝΓ	Δελτίο Ενδοδιακίνησης από Πρόβλεψη επιστροφής	ΠΣΥ	ΔΝΓ		0
2	435. ΔΦΤ=>ΔΦΤ	Παραλαβή από Διακίνηση Φόρτωσης καθ'οδόν	ΔΦΤ	ΔΦΤ		0
2	436. ΔΕΝ=>ΔΕΝ	Παραλαβή από Ενδοδιακίνηση	ΔΕΝ	ΔΕΝ		0
3	301. ΠΔΝ=>ΕΑΠ	Εντολή αποστολής σε υποκατάστημα από Δέσμευση για ενδοδιακίνηση	ΠΔΝ	ΕΑΠ		0
3	301. ΠΕΝ=>ΕΑΠ	Εντολή αποστολής σε υποκατάστημα από  Παραγγελία ενδοδιακίνησης	ΠΕΝ	ΕΑΠ		0
3	437. ΑΧΤ=>ΠΧΤ	Παραλαβή από Αποθήκη Τρίτων βάσει Δ.Αποστολής (ποσοτικό)	ΑΧΤ	ΠΧΤ		0
4	438. ΠΧΤ=>ΑΧΤ	Αποστολή από Αποθήκη Τρίτων βάσει Δ.Παραλαβής (ποσοτικό)	ΠΧΤ	ΑΧΤ		0
4	439. ΕΑΤ=>ΑΓΤ	Αποστολή σε Αποθήκη Τρίτων βάσει Παραγγελίας	ΕΑΤ	ΑΓΤ	INTERSTOCK-TARGET	0
4	439. ΕΑΤ=>ΑΧΤ	Αποστολή σε Αποθήκη Τρίτων βάσει Παραγγελίας	ΕΑΤ	ΑΧΤ	INTERSTOCK-TARGET	0
4	439. ΕΠΤ=>ΠΞΤ	Παραλαβή από Αποθήκη Τρίτων βάσει Παραγγελίας	ΕΠΤ	ΠΞΤ	INTERSTOCK-TARGET	0
4	439. ΕΠΤ=>ΠΧΤ	Παραλαβή από Αποθήκη Τρίτων βάσει Παραγγελίας	ΕΠΤ	ΠΧΤ	INTERSTOCK-TARGET	0
6	160. ΑΥΔ=>ΑΥΤ	Κοστολογικό στοιχείο για Δ.Αποστολής Αυτοπαράδοσης	ΑΥΔ	ΑΥΤ		0
6	439. ΕΑΤ=>ΕΑΠ	Εντολή αποστολής σε ΑΧ Τρίτων από  Παραγγελία ενδοδιακίνησης	ΕΑΤ	ΕΑΠ		0
7	470. ΔΑΝ=>ΔΠΝ	Παραλαβή από Δ.Αποστολής Ενδοδιακίνησης	ΔΑΝ	ΔΠΝ		0
7	471. ΔΑΝ=>ΔΠΝ (από ΠΣΥ)	Παραλαβή από Δ.Αποστολής Ενδοδιακίνησης	ΔΑΝ	ΔΠΝ	INTERSTOCK-TARGET	0
8	415. ΑΓΤ=>ΠΞΤ	Παραλαβή από Αποθήκη Τρίτων βάσει Δ.Αποστολής (κόστος εξαγωγών)	ΑΓΤ	ΠΞΤ		0
8	417. ΑΣΤ=>ΠΡΤ	Παραλαβή από Αποθήκη Τρίτων βάσει Δ.Αποστολής (εξαγωγή - εισαγωγή)	ΑΣΤ	ΠΡΤ		0
9	413. ΠΞΤ=>ΑΓΤ	Αποστολή από Αποθήκη Τρίτων βάσει Δ.Παραλαβής (κόστος εξαγωγών)	ΠΞΤ	ΑΓΤ		0
10	161. ΑΥΤ=>ΑΠΕ	Δ.Παραλαβής από Ειδικό Στοιχείο Αυτοπαράδοσης	ΑΥΤ	ΑΠΕ		0
10	179. ΑΥΔ=>ΕΥΔ	Δ.Παραλαβής από Δ.Αποστολής Αυτοπαράδοσης	ΑΥΔ	ΕΥΔ		0
10	416. ΑΕΤ=>ΠΕΤ	Παραλαβή από Αποθήκη Τρίτων βάσει Δ.Αποστολής (κόστος εισαγωγών)	ΑΕΤ	ΠΕΤ		0
11	414. ΠΕΤ=>ΑΕΤ	Αποστολή από Αποθήκη Τρίτων βάσει Δ.Παραλαβής (κόστος εισαγωγών)	ΠΕΤ	ΑΕΤ		0
13	439. ΔΣΘ=>ΔΣΚ	Ακύρωση Συναρμολόγησης	ΔΣΘ	ΔΣΚ		0
15	432. ΠΔΝ=>ΚΔΕ	Κατάργηση δέσμευσης για ενδοδιακίνηση	ΠΔΝ	ΚΔΕ		0
16	432. ΠΔΠ=>ΚΔΕ	Κατάργηση δέσμευσης για ενδοδιακίνηση	ΠΔΠ	ΚΔΕ		0
17	432. ΔΚΦ=>ΚΔΑ	Κατάργηση δέσμευσης κατεστραμμένων	ΔΚΦ	ΚΔΑ	STOCK-DAMAGE	0
18	432. ΔΠΓ=>ΚΔΑ	Κατάργηση δέσμευσης παγωμένου στοκ για έλεγχο	ΔΠΓ	ΚΔΑ	STOCK-FROZEN	0
19	432. ΔΜΑ=>ΚΔΑ	Κατάργηση δέσμευσης μελλοντικού στοκ	ΔΜΑ	ΚΔΑ	STOCK-FUTURE	0
20	432. ΔΠΕ=>ΚΔΑ (ΕΝΤ)	Κατάργηση δέσμευσης αναμενόμενου στοκ	ΔΠΕ	ΚΔΑ	STOCK-FUTURE	0
20	433. ΔΚΦ=>ΠΚΘ	Απόσυρση δεσμευμένου/κατεστραμμένου στοκ	ΔΚΦ	ΠΚΘ	STOCK-DAMAGE	0
21	433. ΔΠΓ=>ΠΚΘ	Απόσυρση δεσμευμένου/παγωμένου στοκ	ΔΠΓ	ΠΚΘ	STOCK-FROZEN	0
1	401. ΔΠΚ=>ΑΠΚ	Αντιλογισμός προϋπ/νου κόστους κτήσης προηγούμενης περιόδου	ΔΠΚ	ΑΠΚ		0
2	402. ΔΠΧ=>ΔΑΧ	Αντιλογισμός προϋπ/νων πωλήσεων προηγούμενης περιόδου	ΔΠΧ	ΔΑΧ		0
3	201. ΕΠΛ=>ΑΠΜ	Απόδειξη πληρωμής από Ενταλμα	ΕΠΛ	ΑΠΜ		0
4	203. ΑΠΜ=>ΠΑΕ	Απόδειξη είσπραξης από Απόδειξη πληρωμής	ΑΠΜ	ΠΑΕ		0
2	191. ΑΤΕ=>ΠΠΡ	Μετατροπή σε παραγγελίες προμηθευτών	ΑΤΕ	ΠΠΡ		0
5	185. ΑΙΤ -> Εγκρίνεται (ΟΚ)	Εγκριση αιτήματος Δαπάνης (αλλαγή βήματος)	ΑΙΤ			0
8	172. ΑΙΤ=>ΤΕΔ	Πραγματοποίηση αιτήματος Δαπάνης	ΑΙΤ	ΤΕΔ		0
9	194. ΕΞΔ=>ΤΕΔ	Μετατροπή σε τιμολόγιο υλοποιημένου εξόδου	ΕΞΔ	ΤΕΔ		0
10	195. ΕΞΔ=>ΑΓΠ	Μετατροπή σε απόδειξη υλοποιημένου εξόδου	ΕΞΔ	ΑΓΠ		0
